A_d:139,A8_AY258468,2e-108
A_d:25,A133_DQ174725,1e-110
A_d:281,A121_DQ174722,4e-113
A_d:432,A8_AY258468,2e-112
A_d:441,A8_AY258468,2e-117
A_d:569,A134_DQ174723,1e-42
A_d:633,A8_AY258468,2e-111
A_d:683,A135_DQ174727,7e-84
A_d:68,A8_AY258468,1e-119
A_d:762,A2_AF333506,5e-51
A_d:768,A7_AY239360,4e-119
A_d:839,A8_AY258468,6e-106
A_d:92,A156_EU074859,1e-11
A_i:10,A1.3_HE578976,0.00394
A_i:11,A103_AB207206,0.00394
A_i:12,A131_EF656432,0.00394
A_i:13,A13_AF333504,6e-05
A_i:14,A131_EF656432,0.00394
A_i:15,A110_AB190282,0.003940000000000062
A_i:16,A1.2_AB207210,6.295826490351764e-17
A_i:17,A129_EF656431,0.00394
A_i:18,A111_AB190280,6e-05
A_i:19,A1.2_AB207210,6.295826490351764e-17
A_i:1,A125_EF378616,0.01596000000000003
A_i:20,A128_EF656430,6e-05
A_i:21,A129_EF656431,0.00394
A_i:22,A1.2_AB207210,6.295826490351764e-17
A_i:23,A110_AB190282,0.00394
A_i:24,A104_AB207203,0.003970000000000088
A_i:25,A4_AF333509,0.0
A_i:26,A110_AB190282,0.00394
A_i:27,A109_AB190285,6e-05
A_i:28,A104_AB207203,0.00394
A_i:29,A4_AF333509,0.0
A_i:2,A1_AF333505,0.02127
A_i:30,A105_AB207202,0.00796
A_i:31,A106_AB207200,5.999999999999653e-05
A_i:32,A4.1_FN429760,6e-05
A_i:33,A4_AF333509,0.0
A_i:34,A9_EU449028,0.007910000000000007
A_i:35,A5_AF333508,0.052580000000000064
A_i:36,A4a.1_FN429762,6e-05
A_i:37,A4_AF333509,0.0
A_i:38,A124_EF378617,0.03603
A_i:39,A5_AF333508,0.008400000000000069
A_i:3,A125_EF378616,0.0079
A_i:40,A118_AF180120,6e-05
A_i:41,A133_DQ174725,0.16118
A_i:42,A5_AF333508,0.00834
A_i:43,A133_DQ174725,0.0954
A_i:44,A113_AF184948,0.14539
A_i:45,A5_AF333508,0.00399
A_i:46,A135_DQ174727,0.033780000000000004
A_i:47,A113_AF184948,0.00938
A_i:48,A3b_EU449043,1.734723475976807e-18
A_i:49,A135_DQ174727,0.003980000000000001
A_i:4,A1_AF333505,0.0
A_i:50,A3_AF333507
A_i:51,A3b_EU449043
A_i:52,A2_AF333506,6e-05
A_i:53,A135_DQ174727,0.00392
A_i:54,A142_EU074932,0.003989999999999999
A_i:55,A7_AY239360,0.00399
A_i:56,A114_AF184941,0.0
A_i:57,A142_EU074932,0.003989999999999999
A_i:58,A7_AY239360,0.00399
A_i:59,A114_AF184941,0.0
A_i:5,A138_EF378620,0.05083
A_i:60,A142_EU074932,0.003989999999999999
A_i:61,A7_AY239360,0.00399
A_i:62,A142_EU074932,0.003989999999999999
A_i:63,A15ab_EU7928,6e-05
A_i:64,A142_EU074932,0.003989999999999999
A_i:65,A142_EU074932,0.003989999999999999
A_i:66,A142_EU074932,0.003989999999999999
A_i:67,A141_EU074931,0.0
A_i:68,A142_EU074932,0.003989999999999999
A_i:69,A141_EU074931,0.0
A_i:6,A1_AF333505,0.0
A_i:70,A142_EU074932,0.003989999999999999
A_i:71,A6_AF186058,0.0022
A_i:72,A142_EU074932,0.00399
A_i:73,A6_AF186058,6e-05
A_i:74,A155_EU074856,0.00399
A_i:75,A156_EU074859,0.00399
A_i:76,A156_EU074859,0.00399
A_i:77,A156_EU074859,0.00399
A_i:78,A156_EU074859,0.00399
A_i:7,A138_EF378620,0.00854
A_i:8,A130_EF656428,0.00394
A_i:9,A1.4_HE578977,0.00394
C_d:100,C1d_AY258488,6e-143
C_d:101,C1cstar_AY239364,1e-134
C_d:102,C1054_AY186565,5e-131
C_d:103,C3.1_JF683321,9e-130
C_d:104,C1cstar_AY239364,9e-130
C_d:105,C15_AY239369,5e-128
C_d:106,C1235_EU118167,2e-84
C_d:107,C15.20_HE579026,3e-123
C_d:108,C45.2_,2e-124
C_d:109,C15_AY239369,7e-112
C_d:10,C42_AY258487,2e-118
C_d:110,C42.2_,2e-124
C_d:111,C1cstar_AY239364,2e-130
C_d:112,C1d_AY258488,1e-137
C_d:113,C1d_AY258488,1e-119
C_d:115,C1d_AY258488,8e-127
C_d:116,C21/3d/C3k_AY239372,2e-130
C_d:117,C15a_AY258476,2e-124
C_d:118,C1d_AY258488,7e-118
C_d:119,C1233_EU118166,5e-97
C_d:11,C42.2_,4e-110
C_d:120,C15.15_HE579021,1e-95
C_d:121,C1233_EU118166,1e-79
C_d:122,C42.2_,2e-115
C_d:123,C1059_DQ480609,6e-106
C_d:124,C42_AY258487,1e-141
C_d:125,C15f_AY589743,1e-113
C_d:126,C42.2_,2e-139
C_d:127,C3ff_HM185740,8e-50
C_d:128,C1d_AY258488,2e-102
C_d:129,C15.1_FJ461508,3e-126
C_d:12,C1cstar_AY239364,9e-136
C_d:130,C15e_AY589742,1e-122
C_d:131,C31_AY258496,2e-127
C_d:132,C42_AY258487,2e-137
C_d:133,C3ff_HM185740,1e-42
C_d:134,C15a_AY258476,2e-102
C_d:135,C15_AY239369,9e-130
C_d:136,C1d_AY258488,2e-118
C_d:137,C42_AY258487,3e-120
C_d:138,C31.2_JF683332,8e-130
C_d:140,C15_AY239369,7e-109
C_d:141,C15_AY239369,5e-128
C_d:143,C15_AY239369,9e-96
C_d:144,C1235_EU118167,5e-119
C_d:145,C45.2_,1e-82
C_d:146,C1d_AY258488,6e-140
C_d:147,C1233_EU118166,5e-85
C_d:148,C1040_AB190269,7e-115
C_d:149,C31_AY258496,5e-119
C_d:14,C1233_EU118166,1e-97
C_d:150,C1b/C1e_AY239363,2e-112
C_d:151,C1d_AY258488,3e-89
C_d:152,C1cstar_AY239364,9e-133
C_d:153,C15.2_FJ461509,5e-116
C_d:154,C42.2_,5e-122
C_d:155,C1cstar_AY239364,9e-136
C_d:156,C15_AY239369,5e-119
C_d:157,C15.17_HE579023,9e-127
C_d:158,C1233_EU118166,3e-120
C_d:159,C15_AY239369,9e-130
C_d:15,C1cstar_AY239364,6e-137
C_d:160,C31_AY258496,1e-128
C_d:161,C1087_DQ182655,1e-119
C_d:162,C1233_EU118166,4e-144
C_d:163,C42.2_,7e-121
C_d:164,C1cstar_AY239364,1e-131
C_d:165,C1235_EU118167,1e-94
C_d:166,C1cstar_AY239364,1e-134
C_d:167,C15.20_HE579026,1e-119
C_d:169,C1233_EU118166,3e-77
C_d:16,C31_AY258496,8e-124
C_d:170,C65_AY589769,2e-140
C_d:171,C15.19_HE579025,6e-134
C_d:172,C1cstar_AY239364,5e-125
C_d:173,C1cstar_AY239364,5e-128
C_d:174,C15_AY239369,3e-126
C_d:175,C45.2_,4e-107
C_d:176,C15_AY239369,5e-116
C_d:177,C1235_EU118167,6e-94
C_d:178,C1235_EU118167,1e-82
C_d:179,C21.6_HQ630873,2e-121
C_d:17,C15.15_HE579021,8e-118
C_d:180,C60_AY589764,1e-128
C_d:181,C15.20_HE579026,2e-112
C_d:182,C1d_AY258488,4e-138
C_d:183,C45.2_,3e-129
C_d:184,C42.2_,2e-106
C_d:185,C1cstar_AY239364,4e-138
C_d:186,C1j_AY589732,5e-128
C_d:187,C15_AY239369,5e-128
C_d:188,C15_AY239369,3e-126
C_d:189,C15_AY239369,9e-133
C_d:18,C15a_AY258476,6e-100
C_d:190,C42.2_,1e-104
C_d:191,C1233_EU118166,5e-113
C_d:192,C45.2_,8e-127
C_d:193,C1087_DQ182655,1e-119
C_d:194,C1054_AY186565,4e-110
C_d:195,C31_AY258496,3e-126
C_d:196,C21.8_JF683329,2e-96
C_d:197,C17.2_FJ461513,5e-122
C_d:198,C17.2_FJ461513,3e-123
C_d:199,C1d_AY258488,2e-130
C_d:19,C1b.2_HE578998,7e-115
C_d:1,C45.2_,2e-118
C_d:200,C15_AY239369,1e-137
C_d:201,C1233_EU118166,2e-128
C_d:202,C1213_EU074955,3e-105
C_d:203,C1b/C1e_AY239363,3e-123
C_d:204,C60_AY589764,7e-66
C_d:205,C42.2_,2e-145
C_d:206,C3ff_HM185740,2e-69
C_d:207,C1j_AY589732,8e-115
C_d:208,C1213_EU074955,5e-125
C_d:209,C17.2_FJ461513,2e-102
C_d:20,C1233_EU118166,3e-123
C_d:210,C31.2_JF683332,1e-131
C_d:211,C15e_AY589742,2e-130
C_d:212,C15.17_HE579023,6e-134
C_d:213,C1213_EU074955,3e-74
C_d:214,C15_AY239369,1e-107
C_d:215,C15.20_HE579026,2e-124
C_d:216,C17.2_FJ461513,7e-118
C_d:217,C15.3_FJ461510,7e-106
C_d:218,C15a_AY258476,9e-133
C_d:219,C1233_EU118166,7e-152
C_d:21,C42_AY258487,2e-115
C_d:220,C1.15_HE578988,5e-131
C_d:221,C42_AY258487,2e-136
C_d:222,C15_AY239369,2e-127
C_d:223,C15_AY239369,5e-128
C_d:224,C1094_AJ291514,1e-125
C_d:225,C1cstar_AY239364,2e-127
C_d:226,C17.2_FJ461513,1e-125
C_d:228,C1233_EU118166,4e-141
C_d:229,C21.2_JF683324,3e-123
C_d:22,C15a_AY258476,1e-131
C_d:230,C35.2_AY258500,1e-134
C_d:231,C35.2_AY258500,3e-129
C_d:232,C31_AY258496,6e-103
C_d:233,C15_AY239369,1e-131
C_d:234,C1b/C1e_AY239363,4e-132
C_d:235,C15_AY239369,5e-119
C_d:236,C42_AY258487,1e-125
C_d:237,C1233_EU118166,8e-124
C_d:238,C1002_DQ838544,1e-141
C_d:239,C1.15_HE578988,6e-137
C_d:23,C15_AY239369,4e-129
C_d:240,C42.2_,2e-133
C_d:241,C42.2_,1e-116
C_d:242,C1148_EU040178,2e-81
C_d:243,C15.19_HE579025,1e-113
C_d:244,C15a_AY258476,8e-130
C_d:245,C1002_DQ838544,3e-126
C_d:246,C42_AY765402,1e-110
C_d:247,C15_AY239369,3e-132
C_d:248,C15_AY239369,2e-130
C_d:249,C42.2_,1e-116
C_d:24,C42_AY765402,3e-117
C_d:250,C15_AY239369,2e-139
C_d:251,C1cstar_AY239364,6e-140
C_d:252,C131_JF320826,1e-131
C_d:253,C42.2_,4e-144
C_d:254,C1054_AY186565,3e-126
C_d:255,C1b/C1e_AY239363,8e-127
C_d:256,C1d_AY258488,5e-88
C_d:257,C45.2_,3e-126
C_d:258,C45.2_,6e-143
C_d:259,C1d_AY258488,2e-130
C_d:260,C15a_AY258476,1e-128
C_d:261,C3.5_,4e-101
C_d:262,C15_AY239369,1e-128
C_d:263,C1208_EU074963,3e-129
C_d:264,C15_AY239369,1e-122
C_d:265,C1cstar_AY239364,3e-120
C_d:266,C1cstar_AY239364,2e-118
C_d:267,C15_AY239369,7e-121
C_d:268,C1cstar_AY239364,1e-113
C_d:269,C15a_AY258476,1e-128
C_d:26,C1cstar_AY239364,9e-133
C_d:270,C45.2_,9e-136
C_d:272,C1233_EU118166,3e-123
C_d:274,C15.7_HE579015,5e-125
C_d:275,C1059_DQ480609,4e-110
C_d:276,C1d_AY258488,1e-122
C_d:277,C15_AY239369,5e-122
C_d:278,C1d_AY258488,3e-117
C_d:279,C15e_AY589742,1e-116
C_d:27,C15a_AY258476,1e-122
C_d:280,C42.2_,1e-113
C_d:282,C1059_DQ480609,6e-134
C_d:283,C1b/C1e_AY239363,1e-116
C_d:284,C1cstar_AY239364,5e-119
C_d:285,C1d_AY258488,6e-131
C_d:286,C1233_EU118166,3e-126
C_d:287,C1233_EU118166,4e-138
C_d:288,C1d_AY258488,4e-132
C_d:289,C42_AY258487,3e-120
C_d:28,C42.2_,2e-127
C_d:290,C15_AY239369,4e-107
C_d:291,C15f_AY589743,1e-110
C_d:292,C1d_AY258488,1e-131
C_d:293,C15f_AY589743,7e-115
C_d:295,C1205_EU074960,1e-141
C_d:296,C15a_AY258476,1e-125
C_d:297,C15.4_FJ461511,8e-127
C_d:298,C1233_EU118166,5e-119
C_d:299,C15_AY239369,2e-124
C_d:29,C45.1_,5e-131
C_d:2,C15_AY239369,6e-137
C_d:300,C15.19_HE579025,2e-130
C_d:302,C15_AY239369,8e-121
C_d:303,C49_AY589754,3e-117
C_d:304,C1198_EU099810,3e-120
C_d:305,C1cstar_AY239364,2e-127
C_d:306,C1233_EU118166,3e-145
C_d:307,C21.8_JF683329,1e-128
C_d:308,C15_AY239369,3e-123
C_d:309,C15_AY239369,5e-128
C_d:30,C15f_AY589743,8e-127
C_d:310,C15_AY239369,9e-130
C_d:311,C42_AY765402,1e-98
C_d:312,C15_AY239369,5e-122
C_d:313,C1cstar_AY239364,2e-124
C_d:314,C15_AY239369,3e-132
C_d:316,C42.2_,2e-127
C_d:317,C15e_AY589742,1e-116
C_d:318,C15a_AY258476,2e-127
C_d:319,C1233_EU118166,1e-67
C_d:31,C15_AY239369,5e-119
C_d:320,C15a_AY258476,1e-131
C_d:321,C1054_AY186565,5e-128
C_d:322,C15a_AY258476,3e-129
C_d:323,C15_AY239369,5e-122
C_d:324,C31a_AY589746,2e-139
C_d:325,C55_AY589759,1e-128
C_d:326,C15.19_HE579025,2e-121
C_d:327,C1233_EU118166,2e-140
C_d:328,C1233_EU118166,2e-112
C_d:329,C31.2_JF683332,2e-124
C_d:32,C15_AY239369,2e-112
C_d:330,C15f_AY589743,3e-108
C_d:331,C1233_EU118166,3e-120
C_d:332,C1cstar_AY239364,4e-104
C_d:333,C15.20_HE579026,3e-117
C_d:334,C15_AY239369,6e-103
C_d:336,C1d_AY258488,2e-121
C_d:337,C15_AY239369,3e-129
C_d:338,C1cstar_AY239364,5e-122
C_d:339,C15_AY239369,2e-124
C_d:33,C42_AY258487,5e-131
C_d:340,C42.2_,5e-122
C_d:341,C42.2_,9e-130
C_d:342,C1233_EU118166,6e-134
C_d:343,C15.20_HE579026,1e-116
C_d:344,C42.2_,1e-138
C_d:345,C1.14_HE578987,4e-110
C_d:347,C1cstar_AY239364,2e-133
C_d:348,C21.11_HQ630874,3e-126
C_d:349,C1054_AY186565,2e-121
C_d:34,C3f_AY589734,5e-125
C_d:350,C15f_AY589743,5e-116
C_d:351,C27.1_FJ461517,4e-67
C_d:352,C17.1_JF683322,4e-107
C_d:353,C1017_DQ174729,2e-139
C_d:354,C35.2_AY258500,6e-137
C_d:355,C15_AY239369,2e-140
C_d:356,C1233_EU118166,1e-134
C_d:357,C1226_EU074881,4e-141
C_d:358,C15a_AY258476,1e-113
C_d:359,C17.2_FJ461513,2e-127
C_d:35,C15a_AY258476,4e-132
C_d:360,C42.2_,5e-122
C_d:361,C45.2_,4e-132
C_d:362,C1234_EU118165,8e-130
C_d:363,C45.2_,1e-113
C_d:364,C1d_AY258488,9e-133
C_d:365,C1b/C1e_AY239363,2e-106
C_d:366,C15a_AY258476,1e-134
C_d:367,C1d_AY258488,2e-140
C_d:368,C15.15_HE579021,5e-116
C_d:36,C15.20_HE579026,4e-101
C_d:370,C15_AY239369,8e-130
C_d:371,C1d_AY258488,2e-140
C_d:372,C42.2_,1e-125
C_d:373,C31_AY258496,2e-124
C_d:374,C42.2_,4e-101
C_d:375,C1017_DQ174729,7e-112
C_d:376,C42_AY258487,1e-128
C_d:377,C1d_AY258488,6e-134
C_d:378,C15_AY239369,9e-130
C_d:379,C94_AJ621539,6e-140
C_d:37,C1233_EU118166,2e-137
C_d:380,C15.20_HE579026,5e-134
C_d:381,C31.6_HQ630878,5e-94
C_d:382,C1233_EU118166,2e-66
C_d:383,C15f_AY589743,6e-85
C_d:384,C1009_DQ480608,4e-113
C_d:385,C3ff_HM185740,2e-41
C_d:386,C1d_AY258488,1e-153
C_d:387,C1233_EU118166,4e-110
C_d:388,C15_AY239369,9e-133
C_d:389,C42.2_,4e-116
C_d:38,C1235_EU118167,1e-42
C_d:390,C15.4_FJ461511,2e-137
C_d:391,C1213_EU074955,4e-116
C_d:392,C1d_AY258488,7e-109
C_d:393,C1d_AY258488,1e-141
C_d:394,C1cstar_AY239364,5e-128
C_d:395,C42.2_,7e-112
C_d:396,C15_AY239369,5e-128
C_d:397,C1cstar_AY239364,2e-112
C_d:398,C1cstar_AY239364,6e-134
C_d:399,C42.2_,5e-125
C_d:39,C3ff_HM185740,3e-56
C_d:3,C15_AY239369,4e-132
C_d:400,C42_AY765402,3e-120
C_d:401,C45.2_,6e-100
C_d:402,C15.4_FJ461511,5e-116
C_d:403,C15a_AY258476,3e-126
C_d:404,C15a_AY258476,7e-115
C_d:405,C15a_AY258476,2e-109
C_d:406,C1cstar_AY239364,2e-136
C_d:407,C1cstar_AY239364,1e-131
C_d:408,C15.19_HE579025,7e-109
C_d:409,C1233_EU118166,3e-129
C_d:40,C3.1_JF683321,5e-125
C_d:410,C1d_AY258488,7e-152
C_d:411,C3.15_FK529649,2e-137
C_d:412,C15a_AY258476,1e-125
C_d:413,C15.19_HE579025,1e-113
C_d:414,C15a_AY258476,1e-107
C_d:415,C3.5_,4e-104
C_d:416,C15f_AY589743,4e-116
C_d:417,C15e_AY589742,3e-114
C_d:418,C17.2_FJ461513,2e-127
C_d:419,C1d_AY258488,4e-135
C_d:41,C15.20_HE579026,3e-111
C_d:420,C17.2_FJ461513,5e-125
C_d:421,C1cstar_AY239364,6e-106
C_d:422,C15_AY239369,2e-133
C_d:423,C15_AY239369,5e-113
C_d:424,C45.2_,1e-134
C_d:425,C1cstar_AY239364,5e-125
C_d:426,C1d_AY258488,3e-145
C_d:427,C1cstar_AY239364,2e-127
C_d:428,C42.2_,1e-116
C_d:429,C15.7_HE579015,3e-123
C_d:42,C1cstar_AY239364,4e-110
C_d:430,C15_AY239369,3e-108
C_d:431,C1213_EU074955,3e-80
C_d:433,C35.2_AY258500,5e-119
C_d:434,C1231_EU074878,8e-90
C_d:435,C1233_EU118166,7e-121
C_d:436,C15.20_HE579026,8e-124
C_d:437,C15_AY239369,5e-125
C_d:438,C15a_AY258476,6e-131
C_d:439,C15.22_KC597695,2e-139
C_d:43,C131_JF320826,7e-118
C_d:440,C42.2_,3e-114
C_d:442,C42.2_,6e-137
C_d:443,C1223_EU074949,1e-119
C_d:444,C60_AY589764,9e-130
C_d:445,C1233_EU118166,4e-141
C_d:446,C1233_EU118166,6e-103
C_d:447,C1233_EU118166,9e-90
C_d:448,C3.15_FK529649,7e-115
C_d:44,C1087_DQ182655,2e-99
C_d:450,C42.2_,9e-136
C_d:451,C1cstar_AY239364,6e-140
C_d:452,C1094_AJ291514,3e-71
C_d:453,C1d_AY258488,1e-131
C_d:454,C1.15_HE578988,2e-124
C_d:455,C131_JF320826,3e-80
C_d:456,C1d_AY258488,2e-124
C_d:457,C31_AY258496,3e-111
C_d:458,C15a_AY258476,2e-112
C_d:459,C15_AY239369,5e-119
C_d:45,C21.6_HQ630873,3e-123
C_d:460,C1b/C1e_AY239363,1e-119
C_d:461,C45.2_,1e-131
C_d:462,C1cstar_AY239364,3e-120
C_d:463,C1d_AY258488,2e-139
C_d:464,C1d_AY258488,4e-132
C_d:465,C1d_AY258488,2e-118
C_d:466,C31_AY258496,5e-134
C_d:467,C1cstar_AY239364,1e-134
C_d:468,C15.15_HE579021,5e-128
C_d:469,C1233_EU118166,2e-140
C_d:46,C15.20_HE579026,3e-126
C_d:470,C42.2_,2e-133
C_d:471,C1j_AY589732,4e-104
C_d:472,C42_AY765402,2e-124
C_d:473,C31.10_HQ630880,5e-122
C_d:474,C1d_AY258488,1e-131
C_d:475,C13_AY589740,9e-130
C_d:476,C1233_EU118166,1e-134
C_d:477,C1d_AY258488,8e-127
C_d:478,C1.13_HE578986,2e-84
C_d:479,C15.19_HE579025,4e-113
C_d:47,C45.2_,4e-113
C_d:480,C3.15_FK529649,2e-105
C_d:481,C15_AY239369,3e-114
C_d:482,C15a_AY258476,1e-116
C_d:483,C1cstar_AY239364,2e-68
C_d:484,C1cstar_AY239364,4e-132
C_d:485,C42.2_,2e-133
C_d:486,C45.2_,2e-133
C_d:487,C1198_EU099810,7e-118
C_d:488,C42.2_,6e-137
C_d:489,C1cstar_AY239364,9e-87
C_d:48,C45.2_,8e-130
C_d:490,C1208_EU074963,8e-127
C_d:491,C15f_AY589743,2e-106
C_d:492,C3.15_FK529649,4e-135
C_d:493,C1233_EU118166,3e-80
C_d:494,C1cstar_AY239364,2e-139
C_d:495,C42.2_,1e-110
C_d:496,C1cstar_AY239364,9e-136
C_d:497,C42_AY258487,1e-122
C_d:498,C45.2_,1e-125
C_d:499,C1208_EU074963,7e-109
C_d:49,C31_AY258496,5e-128
C_d:4,C42.2_,3e-126
C_d:500,C15e_AY589742,9e-136
C_d:501,C1088_DQ182640,2e-136
C_d:502,C15_AY239369,2e-136
C_d:503,C31a_AY589746,4e-147
C_d:504,C42.2_,2e-112
C_d:505,C15f_AY589743,1e-125
C_d:506,C1cstar_AY239364,3e-129
C_d:507,C1cstar_AY239364,5e-122
C_d:508,C45.2_,2e-130
C_d:509,C1233_EU118166,4e-104
C_d:50,C1.15_HE578988,9e-130
C_d:510,C42.2_,8e-121
C_d:511,C45.2_,8e-124
C_d:512,C35.2_AY258500,5e-125
C_d:513,C17.1_JF683322,3e-43
C_d:514,C42.2_,5e-122
C_d:515,C1cstar_AY239364,2e-127
C_d:516,C1226_EU074881,1e-150
C_d:517,C1.15_HE578988,1e-122
C_d:518,C1cstar_AY239364,8e-121
C_d:519,C45.2_,7e-112
C_d:51,C15.20_HE579026,3e-111
C_d:520,C31_AY258496,2e-133
C_d:521,C1b/C1e_AY239363,5e-128
C_d:522,C42.2_,7e-118
C_d:523,C1233_EU118166,7e-146
C_d:524,C42.2_,5e-119
C_d:525,C1cstar_AY239364,2e-127
C_d:526,C1233_EU118166,6e-137
C_d:527,C1cstar_AY239364,5e-131
C_d:528,C15_AY239369,5e-134
C_d:529,C15_AY239369,9e-133
C_d:52,C45.1_,9e-142
C_d:530,C42_AY258487,7e-121
C_d:531,C15.20_HE579026,2e-133
C_d:532,C42_AY258487,5e-119
C_d:533,C21/3d/C3k_AY239372,1e-119
C_d:534,C42.2_,4e-110
C_d:535,C17.2_FJ461513,6e-134
C_d:536,C42_AY258487,8e-127
C_d:537,C42_AY258487,7e-112
C_d:538,C1233_EU118166,7e-149
C_d:539,C1.15_HE578988,3e-123
C_d:53,C42.2_,2e-136
C_d:540,C42_AY258487,4e-116
C_d:541,C42.2_,4e-129
C_d:542,C1cstar_AY239364,2e-121
C_d:543,C42_AY258487,2e-136
C_d:544,C1.14_HE578987,1e-125
C_d:545,C15.20_HE579026,2e-130
C_d:546,C17.2_FJ461513,3e-111
C_d:547,C35.2_AY258500,2e-133
C_d:548,C1.15_HE578988,9e-130
C_d:549,C1232_EU118163,3e-154
C_d:54,C39_AY258484,6e-106
C_d:550,C1103_AF427470,5e-131
C_d:551,C38a_AY258483,2e-136
C_d:552,C15.1_FJ461508,9e-139
C_d:553,C1017_DQ174729,3e-126
C_d:554,C1233_EU118166,2e-127
C_d:555,C60_AY589764,1e-134
C_d:556,C21/3d/C3k_AY239372,2e-112
C_d:557,C1235_EU118167,9e-90
C_d:558,C15.7_HE579015,5e-113
C_d:559,C42_AY765402,3e-111
C_d:55,C15_AY239369,3e-132
C_d:560,C15.17_HE579023,4e-138
C_d:561,C45.2_,1e-101
C_d:562,C1cstar_AY239364,2e-130
C_d:563,C3.22_HE579010,8e-127
C_d:564,C31.6_HQ630878,2e-69
C_d:565,C1009_DQ480608,3e-120
C_d:566,C1d_AY258488,3e-111
C_d:567,C30_AY589745,1e-134
C_d:568,C15_AY239369,2e-121
C_d:56,C15.19_HE579025,3e-117
C_d:570,C30_AY589745,8e-127
C_d:571,C15_AY239369,4e-141
C_d:572,C15a_AY258476,3e-129
C_d:573,C15_AY239369,2e-124
C_d:574,C15_AY239369,4e-113
C_d:575,C15.19_HE579025,5e-91
C_d:576,C45.2_,1e-134
C_d:577,C3.1_JF683321,3e-126
C_d:578,C15.15_HE579021,5e-88
C_d:579,C1233_EU118166,2e-137
C_d:57,C15.20_HE579026,5e-122
C_d:581,C15_AY239369,1e-119
C_d:582,C1cstar_AY239364,3e-129
C_d:583,C1233_EU118166,9e-133
C_d:584,C1cstar_AY239364,1e-116
C_d:585,C94_AJ621539,5e-125
C_d:587,C1j_AY589732,9e-130
C_d:588,C1233_EU118166,3e-151
C_d:589,C1233_EU118166,5e-79
C_d:58,C1cstar_AY239364,9e-130
C_d:590,C1233_EU118166,1e-107
C_d:591,C45.2_,8e-127
C_d:592,C45.2_,7e-115
C_d:593,C31_AY258496,9e-99
C_d:594,C3.20_HE579008,5e-134
C_d:595,C1cstar_AY239364,5e-122
C_d:596,C42_AY765402,3e-117
C_d:597,C15_AY239369,2e-130
C_d:598,C45.1_,1e-128
C_d:599,C42.2_,3e-126
C_d:59,C15_AY239369,2e-127
C_d:5,C1233_EU118166,5e-85
C_d:600,C15_AY239369,1e-125
C_d:601,C1094_AJ291514,3e-77
C_d:602,C31_AY258496,2e-139
C_d:603,C1d_AY258488,3e-135
C_d:604,C17.2_FJ461513,1e-64
C_d:605,C1059_DQ480609,4e-132
C_d:606,C42.2_,9e-136
C_d:607,C15a_AY258476,8e-130
C_d:608,C15.18_HE579024,3e-126
C_d:609,C1cstar_AY239364,9e-136
C_d:60,C1.14_HE578987,2e-127
C_d:610,C1233_EU118166,5e-131
C_d:611,C1d_AY258488,7e-112
C_d:612,C1cstar_AY239364,7e-146
C_d:613,C1cstar_AY239364,2e-133
C_d:614,C15a_AY258476,1e-122
C_d:615,C1233_EU118166,2e-133
C_d:616,C15_AY239369,3e-129
C_d:617,C15a_AY258476,2e-127
C_d:618,C15_AY239369,2e-127
C_d:619,C15a_AY258476,1e-119
C_d:61,C1d_AY258488,4e-138
C_d:620,C31a_AY589746,4e-119
C_d:621,C131_JF320826,1e-110
C_d:622,C15_AY239369,1e-119
C_d:623,C1b/C1e_AY239363,1e-122
C_d:624,C39_AY258484,1e-110
C_d:625,C15.19_HE579025,2e-139
C_d:626,C15a_AY258476,1e-128
C_d:627,C15_AY239369,3e-129
C_d:628,C42_AY258487,3e-86
C_d:629,C15_AY239369,1e-134
C_d:62,C42_AY258487,5e-116
C_d:631,C1233_EU118166,3e-129
C_d:632,C1233_EU118166,2e-136
C_d:634,C1087_DQ182655,9e-133
C_d:635,C1cstar_AY239364,2e-118
C_d:636,C1cstar_AY239364,2e-106
C_d:637,C1cstar_AY239364,4e-129
C_d:638,C42.2_,7e-112
C_d:639,C131_JF320826,3e-102
C_d:63,C1233_EU118166,7e-146
C_d:640,C1209_EU074950,1e-97
C_d:641,C1233_EU118166,1e-116
C_d:642,C42_AY258487,6e-106
C_d:643,C1cstar_AY239364,7e-118
C_d:644,C3.22_HE579010,6e-131
C_d:645,C15_AY239369,9e-133
C_d:646,C17.2_FJ461513,1e-125
C_d:647,C1cstar_AY239364,4e-132
C_d:648,C1.15_HE578988,8e-127
C_d:649,C42_AY258487,5e-128
C_d:64,C15_AY239369,2e-133
C_d:650,C1cstar_AY239364,8e-118
C_d:651,C1cstar_AY239364,2e-127
C_d:652,C1cstar_AY239364,2e-139
C_d:653,C15.20_HE579026,2e-112
C_d:654,C15_AY239369,2e-118
C_d:656,C15_AY239369,9e-130
C_d:657,C15_AY239369,4e-113
C_d:658,C1233_EU118166,2e-115
C_d:659,C15a_AY258476,9e-133
C_d:65,C42.2_,8e-121
C_d:660,C15_AY239369,8e-124
C_d:661,C15_AY239369,3e-123
C_d:662,C15f_AY589743,2e-127
C_d:663,C42.2_,5e-122
C_d:664,C1d_AY258488,2e-109
C_d:665,C15.16_HE579022,8e-47
C_d:666,C42_AY258487,1e-128
C_d:667,C131_JF320826,6e-140
C_d:668,C1233_EU118166,4e-116
C_d:669,C60_AY589764,2e-130
C_d:66,C3e_AF499793,9e-139
C_d:670,C55_AY589759,3e-120
C_d:671,C15_AY239369,5e-113
C_d:672,C42_AY258487,3e-132
C_d:673,C15.19_HE579025,1e-125
C_d:674,C1b/C1e_AY239363,2e-142
C_d:675,C1cstar_AY239364,9e-136
C_d:676,C45.2_,1e-128
C_d:677,C1cstar_AY239364,2e-140
C_d:678,C45.2_,1e-122
C_d:679,C1054_AY186565,2e-118
C_d:67,C15.20_HE579026,9e-133
C_d:680,C1054_AY186565,2e-133
C_d:681,C1197_EU099814,1e-116
C_d:682,C1cstar_AY239364,6e-137
C_d:684,C45.2_,2e-100
C_d:685,C15a_AY258476,6e-143
C_d:686,C1233_EU118166,3e-142
C_d:687,C55_AY589759,3e-126
C_d:688,C15.19_HE579025,4e-116
C_d:689,C15_AY239369,1e-116
C_d:690,C1d_AY258488,9e-133
C_d:691,C1cstar_AY239364,3e-132
C_d:692,C1233_EU118166,5e-125
C_d:693,C15.20_HE579026,8e-121
C_d:694,C1cstar_AY239364,6e-131
C_d:695,C94_AJ621539,3e-71
C_d:696,C131_JF320826,8e-121
C_d:697,C1cstar_AY239364,9e-136
C_d:698,C30_AY589745,2e-124
C_d:699,C1d_AY258488,2e-121
C_d:69,C15.20_HE579026,1e-116
C_d:6,C42_AY258487,5e-125
C_d:700,C1cstar_AY239364,4e-141
C_d:701,C1cstar_AY239364,2e-140
C_d:702,C1043_DQ072721,3e-83
C_d:703,C42.2_,2e-118
C_d:704,C42.2_,5e-82
C_d:705,C1b/C1e_AY239363,5e-125
C_d:706,C1233_EU118166,3e-123
C_d:707,C1233_EU118166,1e-116
C_d:708,C21.11_HQ630874,1e-128
C_d:709,C1233_EU118166,5e-125
C_d:70,C1cstar_AY239364,6e-137
C_d:710,C15_AY239369,2e-109
C_d:711,C42.2_,6e-137
C_d:712,C131_JF320826,1e-125
C_d:713,C45.2_,5e-125
C_d:714,C42.2_,5e-119
C_d:715,C15_AY239369,2e-81
C_d:716,C42.2_,7e-115
C_d:717,C15.20_HE579026,1e-116
C_d:718,C45.2_,4e-104
C_d:719,C1233_EU118166,1e-137
C_d:71,C1d_AY258488,5e-134
C_d:720,C131_JF320826,1e-128
C_d:721,C1cstar_AY239364,2e-115
C_d:722,C42_AY765402,1e-147
C_d:723,C3.15_FK529649,5e-131
C_d:724,C15.7_HE579015,2e-136
C_d:725,C15a_AY258476,2e-130
C_d:726,C1d_AY258488,2e-133
C_d:727,C15a_AY258476,5e-125
C_d:728,C1094_AJ291514,7e-72
C_d:729,C1cstar_AY239364,9e-136
C_d:72,C15.19_HE579025,3e-117
C_d:730,C15e_AY589742,1e-116
C_d:731,C31_AY258496,1e-122
C_d:732,C1cstar_AY239364,4e-135
C_d:733,C15.20_HE579026,1e-137
C_d:734,C15.9_FN563475,8e-87
C_d:735,C15.17_HE579023,1e-113
C_d:736,C15.17_HE579023,1e-122
C_d:737,C21.11_HQ630874,5e-131
C_d:738,C1.12_HE578985,2e-115
C_d:739,C21.14_FJ461516,3e-111
C_d:73,C15_AY239369,3e-114
C_d:740,C21.9_JF683330,2e-127
C_d:742,C45.1_,2e-106
C_d:743,C45.2_,8e-127
C_d:744,C15.20_HE579026,3e-123
C_d:745,C42_AY258487,1e-107
C_d:746,C15_AY239369,1e-134
C_d:747,C1cstar_AY239364,7e-118
C_d:748,C1233_EU118166,6e-140
C_d:749,C1234_EU118165,8e-93
C_d:74,C42_AY258487,7e-118
C_d:750,C15_AY239369,1e-122
C_d:751,C1cstar_AY239364,2e-137
C_d:752,C45.2_,2e-112
C_d:753,C1cstar_AY239364,4e-150
C_d:754,C1d_AY258488,3e-98
C_d:755,C1cstar_AY239364,2e-133
C_d:756,C131_JF320826,2e-124
C_d:757,C35.2_AY258500,1e-122
C_d:758,C35.2_AY258500,4e-101
C_d:759,C1d_AY258488,2e-136
C_d:75,C94_AJ621539,9e-130
C_d:760,C1233_EU118166,2e-136
C_d:761,C15f_AY589743,3e-114
C_d:763,C15a_AY258476,4e-70
C_d:765,C17.2_FJ461513,9e-133
C_d:766,C3.15_FK529649,4e-107
C_d:767,C1b.2_HE578998,1e-131
C_d:769,C45.2_,5e-125
C_d:76,C21.11_HQ630874,1e-119
C_d:770,C1208_EU074963,3e-132
C_d:771,C1d_AY258488,2e-124
C_d:772,C15f_AY589743,8e-124
C_d:773,C15_AY239369,3e-108
C_d:774,C1d_AY258488,2e-118
C_d:775,C1233_EU118166,1e-95
C_d:776,C15.20_HE579026,8e-121
C_d:777,C1059_DQ480609,6e-143
C_d:778,C1222_EU074948,8e-124
C_d:779,C1cstar_AY239364,1e-144
C_d:77,C42_AY258487,6e-137
C_d:780,C1b/C1e_AY239363,4e-116
C_d:781,C3ff_HM185740,1e-42
C_d:782,C1226_EU074881,7e-146
C_d:783,C1cstar_AY239364,5e-128
C_d:784,C45.2_,2e-130
C_d:785,C15.20_HE579026,2e-133
C_d:786,C15_AY239369,7e-121
C_d:787,C1cstar_AY239364,7e-112
C_d:789,C1d_AY258488,4e-132
C_d:78,C42.2_,2e-130
C_d:790,C1cstar_AY239364,3e-126
C_d:791,C1054_AY186565,3e-132
C_d:792,C15.19_HE579025,1e-100
C_d:793,C42.2_,1e-125
C_d:794,C1b/C1e_AY239363,4e-104
C_d:795,C42.2_,9e-136
C_d:796,C1j_AY589732,9e-130
C_d:797,C15_AY239369,2e-136
C_d:799,C1cstar_AY239364,9e-87
C_d:79,C1j_AY589732,4e-101
C_d:7,C42.2_,8e-124
C_d:800,C1d_AY258488,6e-137
C_d:801,C42_AY258487,2e-109
C_d:802,C42_AY258487,4e-135
C_d:803,C21/3d/C3k_AY239372,5e-119
C_d:804,C15a_AY258476,4e-135
C_d:805,C1205_EU074960,4e-150
C_d:806,C131_JF320826,2e-139
C_d:807,C15f_AY589743,3e-114
C_d:808,C1175_AB294653,3e-43
C_d:809,C131_JF320826,2e-133
C_d:80,C131_JF320826,4e-132
C_d:810,C15.19_HE579025,8e-124
C_d:811,C15.7_HE579015,1e-125
C_d:812,C1233_EU118166,3e-123
C_d:813,C1234_EU118165,1e-125
C_d:814,C15f_AY589743,1e-110
C_d:815,C1054_AY186565,2e-133
C_d:816,C1cstar_AY239364,2e-127
C_d:817,C17.2_FJ461513,5e-119
C_d:818,C17.2_FJ461513,1e-125
C_d:81,C1233_EU118166,2e-124
C_d:820,C1cstar_AY239364,4e-132
C_d:821,C42_AY258487,2e-121
C_d:822,C1218_EU074943,1e-116
C_d:823,C42.2_,9e-130
C_d:824,C15f_AY589743,7e-118
C_d:825,C1d_AY258488,6e-137
C_d:826,C1cstar_AY239364,2e-136
C_d:827,C45.2_,1e-54
C_d:828,C1233_EU118166,2e-139
C_d:829,C45.3_FJ461522,4e-141
C_d:82,C15_AY239369,5e-119
C_d:830,C15a_AY258476,2e-118
C_d:831,C1233_EU118166,1e-138
C_d:832,C15.20_HE579026,2e-140
C_d:833,C45.2_,8e-124
C_d:834,C45.2_,3e-117
C_d:835,C42.2_,1e-122
C_d:836,C42.2_,2e-130
C_d:837,C1cstar_AY239364,8e-124
C_d:838,C1085_AY624605,5e-88
C_d:83,C131_JF320826,8e-121
C_d:840,C1d_AY258488,2e-121
C_d:841,C1d_AY258488,1e-137
C_d:842,C15_AY239369,2e-133
C_d:843,C45.2_,9e-139
C_d:844,C15f_AY589743,2e-106
C_d:845,C1235_EU118167,7e-118
C_d:846,C1233_EU118166,7e-115
C_d:847,C42.2_,1e-128
C_d:848,C15_AY239369,2e-130
C_d:849,C1d_AY258488,5e-128
C_d:84,C15.20_HE579026,2e-127
C_d:850,C30_AY589745,3e-120
C_d:851,C15a_AY258476,2e-127
C_d:852,C1cstar_AY239364,2e-133
C_d:853,C1d_AY258488,8e-127
C_d:854,C15_AY239369,2e-124
C_d:855,C15.20_HE579026,1e-119
C_d:856,C1233_EU118166,6e-140
C_d:857,C1cstar_AY239364,2e-149
C_d:859,C1233_EU118166,6e-140
C_d:85,C15.15_HE579021,6e-128
C_d:860,C15.20_HE579026,4e-138
C_d:861,C42.2_,8e-124
C_d:862,C45.2_,8e-124
C_d:863,C42_AY258487,4e-129
C_d:864,C1148_EU040178,2e-121
C_d:865,C15.15_HE579021,1e-113
C_d:866,C1cstar_AY239364,3e-126
C_d:867,C1d_AY258488,6e-131
C_d:868,C15f_AY589743,9e-102
C_d:869,C15.20_HE579026,8e-121
C_d:86,C1d_AY258488,8e-121
C_d:870,C15_AY239369,3e-129
C_d:871,C1233_EU118166,6e-143
C_d:872,C1cstar_AY239364,2e-72
C_d:873,C42_AY765402,1e-131
C_d:874,C42_AY258487,1e-88
C_d:875,C45.2_,3e-120
C_d:876,C42.2_,7e-149
C_d:877,C1d_AY258488,5e-122
C_d:878,C1a_AF499788,6e-143
C_d:879,C45.2_,4e-98
C_d:87,C45.2_,3e-126
C_d:880,C1233_EU118166,4e-141
C_d:881,C1054_AY186565,2e-127
C_d:882,C31_AY258496,5e-134
C_d:883,C42_AY765402,2e-96
C_d:884,C1d_AY258488,2e-121
C_d:885,C1d_AY258488,1e-107
C_d:886,C31.2_JF683332,3e-114
C_d:887,C15_AY239369,8e-130
C_d:888,C1b/C1e_AY239363,6e-134
C_d:889,C31_AY258496,8e-130
C_d:88,C45.2_,1e-140
C_d:890,C1233_EU118166,6e-128
C_d:891,C15a_AY258476,9e-130
C_d:892,C3.15_FK529649,5e-131
C_d:893,C42.2_,3e-111
C_d:894,C1cstar_AY239364,6e-106
C_d:89,C15.4_FJ461511,4e-113
C_d:8,C42_AY258487,4e-107
C_d:90,C42.2_,6e-137
C_d:91,C42.2_,5e-131
C_d:93,C15a_AY258476,4e-135
C_d:94,C15_AY239369,4e-104
C_d:95,C30_AY589745,5e-131
C_d:96,C15.20_HE579026,3e-123
C_d:97,C1059_DQ480609,2e-124
C_d:98,C15.15_HE579021,4e-135
C_d:99,C1233_EU118166,5e-131
C_d:9,C1cstar_AY239364,1e-82
C_i:100,C55_AY589759,5.999999999999929e-05
C_i:101,C1155_AB294617,0.00354
C_i:102,C15.9_FN563475,0.0
C_i:103,C55_AY589759,5.999999999999929e-05
C_i:104,C1165_AB294581,0.00354
C_i:105,C15.9_FN563475,0.0
C_i:106,C1087_DQ182655,6e-05
C_i:107,C55_AY589759,5.999999999999929e-05
C_i:108,C1163_AB294596,0.00354
C_i:109,C1094_AJ291514,6e-05
C_i:10,C17.2_FJ461513,0.0
C_i:110,C15c_AY258492,6e-05
C_i:111,C55_AY589759,5.999999999999929e-05
C_i:112,C1158_AB294614,0.00354
C_i:113,C1233_EU118166,0.0018900000000000008
C_i:114,C55_AY589759,5.999999999999929e-05
C_i:115,C1162_AB294594,0.00355
C_i:116,C15.6_FN563472,0.0
C_i:117,C1233_EU118166,0.0
C_i:118,C55_AY589759,5.999999999999929e-05
C_i:119,C1160_AB294608,0.00355
C_i:11,C21.2_JF683324,0.0036
C_i:120,C15.21_KC597683,0.00543
C_i:121,C15.6_FN563472,0.0
C_i:122,C55_AY589759,5.999999999999929e-05
C_i:123,C1171_AB294663,0.003570000000000008
C_i:124,C15.4_FJ461511,6e-05
C_i:125,C15.6_FN563472,0.0
C_i:126,C55_AY589759,5.999999999999929e-05
C_i:127,C1151_AB294621,0.0035300000000000015
C_i:128,C1171_AB294663,0.00354
C_i:129,C55_AY589759,5.999999999999929e-05
C_i:12,C31_AY258496,0.0
C_i:130,C1040_AB190269,0.00354
C_i:131,C1151_AB294621,0.0
C_i:132,C5_AF499795,0.00714
C_i:133,C55_AY589759,5.999999999999929e-05
C_i:134,C22_AY239373,6e-05
C_i:135,C1040_AB190269,0.00354
C_i:136,C1150_AB294622,6e-05
C_i:137,C1151_AB294621,0.0
C_i:138,C55_AY589759,5.999999999999929e-05
C_i:139,C1012_DQ480604,0.0035999999999999943
C_i:13,C17.2_FJ461513,0.0
C_i:140,C92_AM748560,0.0
C_i:141,C55_AY589759,5.999999999999929e-05
C_i:142,C16_AY258477,6e-05
C_i:143,C1012_DQ480604,0.0035999999999999943
C_i:144,C92_AM748560,0.0
C_i:145,C55_AY589759,5.999999999999929e-05
C_i:146,C1012_DQ480604,0.0035999999999999943
C_i:147,C92_AM748560,0.0
C_i:148,C55_AY589759,5.999999999999929e-05
C_i:149,C50_AY589755,0.0071299999999999975
C_i:14,C21.2_JF683324,0.0036
C_i:150,C1012_DQ480604,0.0036000000000000003
C_i:151,C55_AY589759,5.999999999999929e-05
C_i:152,C15.20_HE579026
C_i:153,C1104_AF427469,0.00772
C_i:154,C1085_AY624605,0.0035999999999999986
C_i:155,C1012_DQ480604,6e-05
C_i:156,C15.25_KC597685,6e-05
C_i:157,C55_AY589759,3.00000000000248e-05
C_i:158,C15.12_HE579018,0.00345
C_i:159,C15.20_HE579026,0.0
C_i:15,C31_AY258496,0.0
C_i:160,C3.8_FJ461503,6e-05
C_i:161,C1104_AF427469,6e-05
C_i:162,C50_AY589755,6e-05
C_i:163,C1085_AY624605,0.0035399999999999993
C_i:164,C55_AY589759,2.2551405187698492e-17
C_i:165,C60_AY589764,6e-05
C_i:166,C15.12_HE579018,6e-05
C_i:167,C15.14_HE579020,6e-05
C_i:168,C3.8_FJ461503,3e-05
C_i:169,C3b_AF499791,5.999999999999894e-05
C_i:16,C17.2_FJ461513,0.0
C_i:170,C49_AY589754
C_i:171,C35.3_EF541145,0.00362
C_i:172,C1.2_,0.0
C_i:173,C55_AY589759,2.2551405187698492e-17
C_i:174,C1140_DQ182638,0.01094
C_i:175,C3b_AF499791,3.0000000000000157e-05
C_i:176,C3L_AY589738,0.00355
C_i:177,C48_AY589753,5.999999999999957e-05
C_i:178,C49_AY589754,0.0
C_i:179,C35.3_EF541145,6e-05
C_i:17,C21.2_JF683324,0.0036
C_i:180,C3k_AY589737,6e-05
C_i:181,C1.2_,0.0
C_i:182,C15f_AY589743,5.999999999999306e-05
C_i:183,C1140_DQ182638,6e-05
C_i:184,C15.28_KC597687,6e-05
C_i:185,C3b_AF499791,3.0000000000000157e-05
C_i:186,C1039_AB190274,6.0000000000000435e-05
C_i:187,C49_AY589754,0.0
C_i:188,C3.23_HE579011,6e-05
C_i:189,C1.2_,0.0
C_i:18,C3ha_AY589736,0.00361
C_i:190,C1097_AJ311943,0.00354
C_i:191,C1144_DQ182637,6e-05
C_i:192,C3b_AF499791,3.0000000000000157e-05
C_i:193,C1033_DQ335350,0.0
C_i:194,C1169_AB294660,3e-05
C_i:195,C49_AY589754,0.0
C_i:196,C1.2_,0.0
C_i:197,C1a_AF499788,0.0035299999999999984
C_i:198,C1141_DQ182636,2.9999999999999133e-05
C_i:199,C3.12_FJ461507,0.0038900000000000002
C_i:19,C31.4_JF683334,0.0
C_i:1,C31.10_HQ630880,0.0048499999999999975
C_i:200,C1033_DQ335350,0.0
C_i:201,C49_AY589754,0.0
C_i:202,C1a_AF499788,0.0
C_i:203,C3g_AY589735,0.0035300000000000036
C_i:204,C1127_DQ182652,0.00361
C_i:205,C3.12_FJ461507,6e-05
C_i:206,C1033_DQ335350,0.0
C_i:207,C49_AY589754,0.0
C_i:208,C69_AY589773,6e-05
C_i:209,C1a_AF499788,0.0
C_i:20,C17.2_FJ461513,0.0
C_i:210,C70_AY589774,0.004700000000000004
C_i:211,C3g_AY589735,0.00353
C_i:212,C1127_DQ182652,0.00361
C_i:213,C3h_AY239365,0.01379
C_i:214,C1033_DQ335350,0.0
C_i:215,C49_AY589754,0.0
C_i:216,C3t_EF541149,0.00356
C_i:217,C70_AY589774,0.004700000000000004
C_i:218,C3g_AY589735,0.00353
C_i:219,C1122_DQ182654,0.00362
C_i:21,C31.10_HQ630880,0.0
C_i:220,C1033_DQ335350,0.0
C_i:221,C40_AY258485,0.0
C_i:222,C49_AY589754,0.0
C_i:223,C3ff_HM185740,0.00352
C_i:224,C3f_AY589734,0.0019
C_i:225,C70_AY589774
C_i:226,C3.16_EU786015,0.0035399999999999954
C_i:227,C1131_DQ182650,0.007209999999999999
C_i:228,C1033_DQ335350,0.0
C_i:229,C40_AY258485,0.0
C_i:22,C21.2_JF683324,0.0
C_i:230,C49_AY589754,0.0
C_i:231,C65_AY589769,0.0
C_i:232,C62_AY589766,0.00471
C_i:233,C70_AY589774,0.0
C_i:234,C11_AF499800,6e-05
C_i:235,C3.16_EU786015,0.0035399999999999954
C_i:236,C1131_DQ182650,0.00361
C_i:237,C1033_DQ335350,0.0
C_i:238,C49_AY589754,0.0
C_i:239,C71_AY589775,6e-05
C_i:23,C21.11_HQ630874,0.00405
C_i:240,C65_AY589769,0.0
C_i:241,C62_AY589766,4.336808689942018e-19
C_i:242,C1m_AY765398,0.00355
C_i:243,C70_AY589774,0.0
C_i:244,C32.2_JF683336,0.0
C_i:245,C3.14_HQ630872,6e-05
C_i:246,C3.16_EU786015,0.0035399999999999954
C_i:247,C1142_DQ182635,0.00361
C_i:248,C1072_DQ335344,6e-05
C_i:249,C1033_DQ335350,0.0
C_i:24,C31.4_JF683334,0.0
C_i:250,C49_AY589754,0.0
C_i:251,C62_AY589766,4.336808689942018e-19
C_i:252,C70_AY589774,0.0
C_i:253,C32.2_JF683336,0.0
C_i:254,C3.16_EU786015,0.0035399999999999954
C_i:255,C1142_DQ182635,0.0
C_i:256,C1143_DQ182634,0.0
C_i:257,C1033_DQ335350,0.0
C_i:258,C49_AY589754,0.0
C_i:259,C1071_DQ335302,0.00354
C_i:25,C26_b1_FN827163,0.0036000000000000008
C_i:260,C1031_DQ335352,6e-05
C_i:261,C1028_DQ335357,0.0
C_i:262,C3.16_EU786015,0.0035399999999999954
C_i:263,C1142_DQ182635,0.0
C_i:264,C1143_DQ182634,0.0
C_i:265,C49_AY589754,0.0
C_i:266,C1090_AB207191,0.00354
C_i:267,C1028_DQ335357,0.0
C_i:268,C3e_AF499793,0.003599999999999996
C_i:269,C1143_DQ182634,0.0
C_i:26,C1196_EU099819,0.0038
C_i:270,C49_AY589754,0.0
C_i:271,C1090_AB207191,0.00354
C_i:272,C1028_DQ335357,0.0
C_i:273,C3e_AF499793,0.0035399999999999915
C_i:274,C3j_AY239366,0.0036000000000000003
C_i:275,C1143_DQ182634,0.0
C_i:276,C1045_DQ068036,6e-05
C_i:277,C49_AY589754,0.0
C_i:278,C1063_DQ335403,0.00354
C_i:279,C3.17_HE579005,0.003579999999999983
C_i:27,C21.2_JF683324,0.0
C_i:280,C3j_AY239366,0.00354
C_i:281,C77_AY765412,6e-05
C_i:282,C1143_DQ182634,0.0
C_i:283,C49_AY589754,0.0
C_i:284,C1068_DQ335379,0.00354
C_i:285,C1002_DQ838544,6e-05
C_i:286,C3.17_HE579005,6e-05
C_i:287,C1143_DQ182634,0.0
C_i:288,C49_AY589754,0.0
C_i:289,C1075_DQ335328,0.00354
C_i:28,C21.11_HQ630874,0.0
C_i:290,C1148_EU040178,0.0
C_i:291,C21.19_HE579031,6e-05
C_i:292,C1143_DQ182634,0.0
C_i:293,C1064_DQ335395,0.00354
C_i:294,C1188_EU099838,0.003599999999999977
C_i:295,C21.20_HE579032,6e-05
C_i:296,C1082_AB190267,0.0035400000000000006
C_i:297,C1234_EU118165,0.007119999999999972
C_i:298,C1188_EU099838,6e-05
C_i:299,C1109_DQ335338,0.0
C_i:29,C21.17_HE579029,0.0023699999999999997
C_i:2,C21/3d/C3k_AY239372
C_i:300,C1082_AB190267,0.00354
C_i:301,C1218_EU074943,0.012469999999999997
C_i:302,C1109_DQ335338,0.0
C_i:303,C1073_DQ335332,0.00189
C_i:304,C1082_AB190267,0.00354
C_i:305,C1218_EU074943,5.9999999999998775e-05
C_i:306,C1105_DQ335394
C_i:307,C1073_DQ335332,6e-05
C_i:308,C1078_AB190271,0.00354
C_i:309,C1218_EU074943,3e-05
C_i:30,C31.4_JF683334,0.0
C_i:310,C1_AF333515,0.002229999999999996
C_i:311,C1105_DQ335394
C_i:312,C1076_DQ335308,0.00355
C_i:313,C1200_EU099800,6e-05
C_i:314,C1_AF333515
C_i:315,C1054_AY186565
C_i:316,C1123_DQ335363,0.0
C_i:317,C1105_DQ335394,0.0
C_i:318,C1_AF333515
C_i:319,C1f_AY258490,0.00355
C_i:31,C21.9_JF683330,0.0
C_i:320,C1054_AY186565,0.0
C_i:321,C1123_DQ335363,0.0
C_i:322,C1105_DQ335394,0.0
C_i:323,C1_AF333515
C_i:324,C1.15_HE578988,6e-05
C_i:325,C1123_DQ335363,0.0
C_i:326,C1_AF333515
C_i:327,C45.3_FJ461522,6e-05
C_i:328,C1123_DQ335363,0.0
C_i:329,C1_AF333515
C_i:32,C26_b1_FN827163,0.0
C_i:330,C1cstar_AY239364,8.673617379884035e-19
C_i:331,C1121_DQ335378,6e-05
C_i:332,C1_AF333515
C_i:333,C1cstar_AY239364,8.673617379884035e-19
C_i:334,C1115_AB190273,6e-05
C_i:335,C1_AF333515
C_i:336,C8_AY239367,0.0
C_i:337,C1cstar_AY239364,8.673617379884035e-19
C_i:338,C1_AF333515
C_i:339,C8_AY239367,0.0
C_i:33,C1196_EU099819,0.00191
C_i:340,C1cstar_AY239364,8.673617379884035e-19
C_i:341,C1_AF333515
C_i:342,C1cstar_AY239364,8.673617379884035e-19
C_i:343,C1_AF333515
C_i:344,C42_AY765402,4.336808689942018e-19
C_i:345,C1cstar_AY239364,0.0
C_i:346,C23_AY239375,0.00356
C_i:347,C1_AF333515
C_i:348,C1d_AY258488,6e-05
C_i:349,C42_AY765402,4.336808689942018e-19
C_i:34,C21.11_HQ630874,0.0
C_i:350,C1cstar_AY239364,0.0
C_i:351,C1011_DQ480605,6e-05
C_i:352,C1_AF333515
C_i:353,C43_AY589749,6e-05
C_i:354,C42_AY765402,4.336808689942018e-19
C_i:355,C1cstar_AY239364,0.0
C_i:356,C1_AF333515
C_i:357,C42_AY258487,0.0
C_i:358,C42_AY765402,0.0
C_i:359,C1cstar_AY239364,0.0
C_i:35,C21.5_JF683327,0.0
C_i:360,C1_AF333515
C_i:361,C45.1_,6e-05
C_i:362,C42_AY258487,0.0
C_i:363,C1cstar_AY239364,0.0
C_i:364,C1_AF333515
C_i:365,C44_AY589750,0.0
C_i:366,C1cstar_AY239364,0.0
C_i:367,C1204_EU074961,6e-05
C_i:368,C1_AF333515
C_i:369,C44_AY589750,0.0
C_i:36,C21.17_HE579029,6e-05
C_i:370,C1cstar_AY239364,0.0
C_i:371,C1_AF333515
C_i:372,C44_AY589750,0.0
C_i:373,C1cstar_AY239364,0.0
C_i:374,C1g_AY589730,0.0
C_i:375,C1_AF333515
C_i:376,C13_AY589740,0.0
C_i:377,C1cstar_AY239364,0.0
C_i:378,C1g_AY589730,0.0
C_i:379,C1_AF333515
C_i:37,C31.4_JF683334,0.0
C_i:380,C13_AY589740,0.0
C_i:381,C34_AY258499,0.00709
C_i:382,C1b/C1e_AY239363,5.999999999999495e-05
C_i:383,C33a_EF541147,6e-05
C_i:384,C1.8_EU074955,0.0
C_i:385,C1b/C1e_AY239363,5.999999999999495e-05
C_i:386,C1.8_EU074955,0.0
C_i:387,C1b/C1e_AY239363,5.999999999999495e-05
C_i:388,C1b/C1e_AY239363,5.999999999999495e-05
C_i:389,C1.17_HE578990,6e-05
C_i:38,C27/C30_AY239379,6e-05
C_i:390,C1b/C1e_AY239363,5.999999999999495e-05
C_i:391,C1b/C1e_AY239363,5.999999999999495e-05
C_i:392,C1b/C1e_AY239363,5.999999999999495e-05
C_i:393,C1b/C1e_AY239363,5.999999999999495e-05
C_i:394,C1b/C1e_AY239363,5.999999999999495e-05
C_i:395,C1.12_HE578985,6e-05
C_i:396,C1b/C1e_AY239363,5.999999999999495e-05
C_i:397,C1.20_HE578993,6e-05
C_i:398,C1b/C1e_AY239363,2.9999999999992706e-05
C_i:399,C1.1_DQ480600,0.0
C_i:39,C21.9_JF683330,0.0
C_i:3,C17.2_FJ461513,0.0
C_i:400,C1b/C1e_AY239363
C_i:401,C1.1_DQ480600,0.0
C_i:402,C1b/C1e_AY239363
C_i:403,C1.1_DQ480600,0.0
C_i:404,C94_AJ621539,6e-05
C_i:405,C1b/C1e_AY239363
C_i:406,C1.1_DQ480600,0.0
C_i:407,C93_AJ621536,6e-05
C_i:408,C1b/C1e_AY239363
C_i:409,C1229_EU074888,6e-05
C_i:40,C26_b1_FN827163,0.0
C_i:410,C1.1_DQ480600,0.0
C_i:411,C1176_AB294651,0.00355
C_i:412,C1145_EF634157,6e-05
C_i:413,C1b/C1e_AY239363
C_i:414,C1176_AB294651,0.00355
C_i:415,C1b/C1e_AY239363
C_i:416,C1181_AB294640,0.0035500000000000006
C_i:417,C1b/C1e_AY239363
C_i:418,C3.10_FJ461505,5.9999999999999134e-05
C_i:419,C1181_AB294640,0.00355
C_i:41,C21.5_JF683327,0.0
C_i:420,C41_AY258486,0.0019299999999999999
C_i:421,C1b/C1e_AY239363
C_i:422,C21.14_FJ461516,6e-05
C_i:423,C7_AF499797,0.0
C_i:424,C41_AY258486,6e-05
C_i:425,C1008_DQ480613,6e-05
C_i:426,C1b/C1e_AY239363
C_i:427,C21.6_HQ630873,6e-05
C_i:428,C7_AF499797,0.0
C_i:429,C1.14_HE578987,5.999999999999653e-05
C_i:42,C21.17_HE579029,6e-05
C_i:430,C1b/C1e_AY239363
C_i:431,C7_AF499797,0.0
C_i:432,C1212_EU074954,0.00785
C_i:433,C1b/C1e_AY239363
C_i:434,C7_AF499797,0.0
C_i:435,C1201_EU099793,0.0061
C_i:436,C1207_EU074964,6e-05
C_i:437,C1b/C1e_AY239363
C_i:438,C1b/C1e_AY239363
C_i:439,C1b/C1e_AY239363
C_i:43,C31.4_JF683334,0.0
C_i:440,C1b/C1e_AY239363
C_i:441,C1_v1a_FJ919243,0.00154
C_i:442,C1b/C1e_AY239363
C_i:443,C1017_DQ174729,0.00465
C_i:444,C1_v1a_FJ919243,6e-05
C_i:445,C1b/C1e_AY239363
C_i:446,C1b/C1e_AY239363
C_i:447,C1b/C1e_AY239363
C_i:448,C1003_DQ480639,0.0
C_i:449,C1b/C1e_AY239363,0.0
C_i:44,C26/C35a_AY239378,0.0
C_i:450,C1003_DQ480639,0.0
C_i:451,C1b/C1e_AY239363,0.0
C_i:452,C1003_DQ480639,0.0
C_i:453,C1b/C1e_AY239363,0.0
C_i:454,C1004_DQ480635,6e-05
C_i:455,C1.6_FJ461493,0.0035900000000000003
C_i:456,C1b/C1e_AY239363,0.0
C_i:457,C1231_EU074878,6e-05
C_i:458,C1.6_FJ461493,6e-05
C_i:459,C1227_EU074882,6e-05
C_i:45,C26_b1_FN827163,0.0
C_i:460,C1b/C1e_AY239363,0.0
C_i:461,C1130_DQ480643,0.01462
C_i:462,C1b/C1e_AY239363,0.0
C_i:46,C21.12_FJ461514,6e-05
C_i:47,C21.17_HE579029,6e-05
C_i:48,C31.4_JF683334,0.0
C_i:49,C26/C35a_AY239378,0.0
C_i:4,C21/3d/C3k_AY239372
C_i:50,C21.17_HE579029,6e-05
C_i:51,C3.2_FJ461497,0.00356
C_i:52,C3_AF499789,0.0
C_i:53,C3_AF499789,0.0
C_i:54,C3_AF499789,0.0
C_i:55,C131_JF320826,0.00349
C_i:56,C57_AY589761,0.021329999999999988
C_i:57,C131_JF320826,0.00349
C_i:58,C2_AF333518,6e-05
C_i:59,C57_AY589761,0.00174
C_i:5,C17.2_FJ461513,0.0
C_i:60,C3.18_HE579006,0.00355
C_i:61,C1051_AF195153
C_i:62,C66_AY589771,0.0
C_i:63,C3.18_HE579006,0.00355
C_i:64,C91_AJ621543,9.69683318016723e-18
C_i:65,C1051_AF195153
C_i:66,C66_AY589771,0.0
C_i:67,C3.18_HE579006,0.00355
C_i:68,C1173_AB294662,0.00354
C_i:69,C15_AY239369,1e-05
C_i:6,C21/3d/C3k_AY239372
C_i:70,C66_AY589771,0.0
C_i:71,C1182_AB294649,0.00356
C_i:72,C91b_AM748557,0.00354
C_i:73,C15a_AY258476,6e-05
C_i:74,C15_AY239369,1e-05
C_i:75,C66_AY589771,0.0
C_i:76,C3a_AF499790,6e-05
C_i:77,C1166_AB294584,0.00354
C_i:78,C15_AY239369,1e-05
C_i:79,C66_AY589771,0.0
C_i:7,C1189_EU099831,6e-05
C_i:80,C91a_AM748556,0.00354
C_i:81,C15e_AY589742,6e-05
C_i:82,C15_AY239369,1e-05
C_i:83,C66_AY589771,0.0
C_i:84,C1172_AB294665,0.00354
C_i:85,C55_AY589759,9.000000000000154e-05
C_i:86,C66_AY589771,0.0
C_i:87,C1161_AB294606,0.00354
C_i:88,C55_AY589759,5.999999999999929e-05
C_i:89,C1149_AB294620,0.00354
C_i:8,C17.2_FJ461513,0.0
C_i:90,C55_AY589759,5.999999999999929e-05
C_i:91,C1155_AB294617,0.00354
C_i:92,C1235_EU118167,0.00352
C_i:93,C55_AY589759,5.999999999999929e-05
C_i:94,C91c_AM748558,0.00189
C_i:95,C1155_AB294617,0.00354
C_i:96,C55_AY589759,5.999999999999929e-05
C_i:97,C1155_AB294617,0.00354
C_i:98,C55_AY589759,5.999999999999929e-05
C_i:99,C1155_AB294617,0.00354
C_i:9,C21.2_JF683324,0.0036
D_d:114,D1a_AF499802,2e-121
D_d:13,D120_EU074900,3e-126
D_d:142,D1_AF334660,1e-113
D_d:168,D1a_AF499802,3e-145
D_d:227,D2_AY686649,9e-111
D_d:271,D2_AY686649,5e-128
D_d:294,D2_AY686649,5e-94
D_d:301,D2_AY686649,7e-121
D_d:335,D1a_AF499802,9e-130
D_d:346,D2_AY686649,3e-117
D_d:369,D1a_AF499802,2e-115
D_d:449,D2_AY686649,5e-122
D_d:655,D2_AY686649,6e-103
D_d:741,D1.12_HE579041,5e-125
D_d:764,D2_AY686649,6e-100
D_d:788,D1_AF334660,3e-114
D_d:798,D2_AY686649,1e-100
D_d:819,D120_EU074900,2e-140
D_d:858,D1_AF334660,6e-109
D_i:10,D122_EU074905,6e-05
D_i:11,D1_AF334660
D_i:12,D4_DQ865214,0.0
D_i:13,D1.1_AM748564,0.02164
D_i:14,D106_AF174559,0.0036999999999999997
D_i:15,D4_DQ865214,0.0
D_i:16,D106_AF174559,0.0036999999999999997
D_i:17,D4_DQ865214,0.0
D_i:18,D106_AF174559,0.0036999999999999997
D_i:19,D1a.1_JF683338,0.0
D_i:1,D4_DQ865214
D_i:20,D4_DQ865214,0.0
D_i:21,D106_AF174559,0.0036999999999999997
D_i:22,D1a.1_JF683338,0.0
D_i:23,D106_AF174559,0.0036999999999999997
D_i:24,D1a.1_JF683338,0.0
D_i:25,D106_AF174559,0.0036999999999999997
D_i:26,D106_AF174559,0.0036999999999999997
D_i:27,D106_AF174559,0.0036999999999999997
D_i:28,D106_AF174559,0.0036999999999999997
D_i:29,D1.10_HE579039,0.00198
D_i:2,D112_AF174558,6e-05
D_i:30,D106_AF174559,0.0036999999999999997
D_i:31,D106_AF174559,0.0036999999999999997
D_i:32,D106_AF174559,0.0036999999999999997
D_i:33,D106_AF174559,0.0036999999999999997
D_i:34,D106_AF174559,0.0036999999999999997
D_i:35,D106_AF174559,0.0036999999999999997
D_i:36,D106_AF174559,0.0036999999999999997
D_i:37,D106_AF174559,0.0036999999999999997
D_i:38,D108_AF174567,6e-05
D_i:39,D106_AF174559,0.0037
D_i:3,D4_DQ865214
D_i:40,D100_AF411415,6e-05
D_i:41,D121_EU074904,6e-05
D_i:4,D4_DQ865214
D_i:5,D4_DQ865214
D_i:6,D4_DQ865214
D_i:7,D122_EU074905,0.003759999999999991
D_i:8,D4_DQ865214,1.3010426069826053e-18
D_i:9,D104_AF174572,6e-05
F_d:0,F4.2_AM748574,8e-90
F_d:273,F4.2_AM748574,5e-128
F_d:580,F4.2_AM748574,2e-90
F_d:586,F3.2_AM748567,1e-131
F_i:10,F5.1_AM748592,6e-05
F_i:11,F5.2c_AM748596,6e-05
F_i:12,F5.2b_AM748595,6e-05
F_i:13,F5.2e_AJ291533,1.734723475976807e-18
F_i:14,F3.2a_AM748568,0.09440999999999998
F_i:15,F2a_AJ830911,6e-05
F_i:16,F4.4a_AM748583,0.01128
F_i:17,F4.3_AM748578,0.003550000000000015
F_i:18,F5.1a_AM748591,6e-05
F_i:19,F104_AJ291531,6e-05
F_i:1,F5.2e_AJ291533,0.018239999999999937
F_i:20,F5.2a_AM748614,0.00033
F_i:21,F102_AJ291534,1e-05
F_i:22,F3.3_AM748569,0.027
F_i:23,F3.2a_AM748568,0.02016
F_i:24,F2_AJ830908,3e-05
F_i:25,F4.4a_AM748583,6e-05
F_i:26,F4.3_AM748578,3.469446951953614e-18
F_i:27,F107_AJ291512,6e-05
F_i:28,F3.4_AM748570,0.0
F_i:29,F3.2a_AM748568,0.0068
F_i:2,F5.1c_AM748593,0.013900000000000027
F_i:30,F114_AJ291525,0.0
F_i:31,F4.4b_AM748584,0.00359
F_i:32,F4.3_AM748578,3.469446951953614e-18
F_i:33,F3.4_AM748570,0.0
F_i:34,F114_AJ291525,0.0
F_i:35,F4.3_AM748578,3.469446951953614e-18
F_i:36,F4.3_AM748578,3.469446951953614e-18
F_i:37,F4.2_AM748574,0.015390000000000001
F_i:38,F4.2_AM748574,0.00736
F_i:39,F4.6_AM748586,0.02229
F_i:3,F5.2e_AJ291533,9.999999999997858e-06
F_i:40,F4.2c_AM748577,0.01107
F_i:41,F110_AJ291526,0.01091
F_i:42,F4.6_AM748586,0.01482
F_i:43,F4.2c_AM748577,6e-05
F_i:44,F4.8_AM748588,0.0
F_i:45,F4.1_AM748572,0.00361
F_i:46,F4.2a_AM748575,6e-05
F_i:47,F109_AJ291527,6e-05
F_i:48,F4.8_AM748588,0.0
F_i:49,F4.1_AM748572,0.0
F_i:4,F4.4a_AM748583,0.13265999999999997
F_i:50,F4.8a_AM748589,6e-05
F_i:51,F4.1_AM748572,0.0
F_i:5,F5.1c_AM748593,0.00639
F_i:6,F5.2c_AM748596,0.00355
F_i:7,F5.2e_AJ291533,1.734723475976807e-18
F_i:8,F2a_AJ830911,0.12098999999999999
F_i:9,F4.4a_AM748583,0.033679999999999995
G_d:315,G3.1_KC597688,6e-125
G_d:630,G3.1_KC597688,9e-130
G_i:1,G2_AM748598,0.03995999999999998
G_i:2,G3.1_KC597688,0.061040000000000004
G_i:3,G2_AM748598,6e-05
G_i:4,G3.1_KC597688,0.00944
G_i:5,G3.1_KC597688,0.00354
G_i:6,G100_AB253788,0.00721
